id,Alkaline_Phosphatase_U_L,TSH_Ultrasensitive_mIU_L,APO_B_mg_dL,APO_A1_mg_dL,Absolute_Basophil_Count_cells_uL,Absolute_Eosinophil_Count_cells_uL,Absolute_Lymphocyte_Count_cells_uL,Absolute_Monocyte_Count_cells_uL,Absolute_Neutrophil_Count_cells_uL,ALT_SGPT_U_L,Albumin_Globulin_Ratio,AST_SGOT_U_L,Estimated_Glucose_mg_dL,Basophils_percent,Blood_Urea_mg_dL,BUN_mg_dL,BUN_Creatinine_Ratio,ESR_mm_hr,Eosinophils_percent,Ferritin_ng_mL,GFR_estimated_ml_min,GGT_U_L,Glucose_Fasting_mg_dL,HDL_LDL_Ratio,Hemoglobin_g_dL,HbA1c_percent,Hematocrit_percent,LDL_HDL_Ratio,Lymphocytes_percent,MPV_fL,MCH_pg,MCHC_g_dL,MCV_fL,Monocytes_percent,Neutrophils_percent,Non_HDL_Cholesterol_mg_dL,Platelet_Count_x10e3_uL,RDW_CV_percent,RBC_Count_x10e6_uL,SGOT_SGPT_Ratio,Serum_Albumin_g_dL,Serum_Bilirubin_Direct_mg_dL,Serum_Bilirubin_Total_mg_dL,Serum_Calcium_mg_dL,Serum_Chloride_mEq_L,Serum_Creatinine_mg_dL,Serum_Globulin_g_dL,Serum_HDL_Cholesterol_mg_dL,Serum_Iron_ug_dL,Serum_LDL_Cholesterol_mg_dL,Serum_Phosphorus_mg_dL,Serum_Potassium_mEq_L,Serum_Sodium_mEq_L,Serum_TIBC_ug_dL,Serum_Total_Protein_g_dL,Serum_Triglycerides_mg_dL,Serum_Uric_Acid_mg_dL,Serum_VLDL_Cholesterol_mg_dL,Total_Cholesterol_HDL_Ratio,Total_Cholesterol_mg_dL,Total_Leukocyte_Count_x10e3_uL,Transferrin_Saturation_percent,UIBC_ug_dL,Urea_Creatinine_Ratio,Vitamin_B12_pg_mL,Vitamin_D_25_OH_ng_mL
SUBJ001,127,0.62,114,174,9,303,1068,957,4166,24,1.25,45,128,1.4,10,22,15,14,3.6,230,112,11,115,0.48,15.0,5.9,50.5,2.7,42,8.4,29,33,83,7,64,159,277,13.9,4.39,1.49,3.4,0.2,0.7,9.1,108,1.03,2.2,52,137,71,3.1,3.8,139,276,6.1,80,5.2,20,5.2,171,4.3,24,170,19,233,38
SUBJ002,93,1.27,112,104,72,137,2152,292,7739,13,1.54,46,118,1.1,31,22,11,17,1.0,259,119,61,103,0.44,14.4,7.4,41.2,2.0,33,9.4,26,33,81,2,67,157,156,14.1,4.45,1.07,3.7,0.18,0.31,9.5,107,0.88,2.4,35,82,163,3.4,4.4,141,338,6.6,175,3.0,37,5.5,204,6.2,42,351,19,781,41
SUBJ003,99,2.1,138,126,95,337,1195,438,4806,41,1.56,35,128,0.7,49,9,19,11,0.1,58,93,53,117,0.58,16.4,7.6,41.1,3.7,21,9.2,29,34,81,6,51,111,196,14.0,4.54,0.92,3.7,0.16,0.59,9.0,96,0.63,2.1,64,107,135,4.4,3.5,137,395,7.6,96,3.4,23,4.2,206,11.5,48,172,18,370,41
SUBJ004,96,1.19,100,111,47,37,3187,404,2397,32,1.36,31,100,0.9,46,11,17,16,2.2,287,63,63,72,0.34,15.0,7.5,36.5,1.7,28,7.8,30,33,84,7,41,187,202,14.5,4.25,1.05,4.3,0.25,0.44,8.4,98,0.84,1.9,67,77,101,4.4,2.7,136,431,6.7,156,3.2,25,5.3,162,5.1,49,280,16,565,14
SUBJ005,86,0.86,85,116,69,126,3330,759,2585,15,1.33,13,138,1.6,10,6,16,0,3.3,226,76,27,95,0.3,13.6,6.9,34.6,2.7,29,7.9,31,32,89,5,53,168,336,12.2,4.34,1.11,4.2,0.18,0.22,9.1,95,0.79,2.7,58,84,175,2.9,3.9,139,250,6.0,68,5.9,26,3.5,196,5.1,49,309,10,258,13
SUBJ006,70,1.0,130,105,186,274,3359,632,2779,33,1.39,40,131,0.6,10,15,16,10,5.0,286,63,12,77,0.46,12.5,5.0,41.6,3.2,45,10.8,29,33,89,5,61,183,187,12.9,4.36,0.85,4.0,0.32,0.56,9.5,97,1.08,1.9,48,174,85,3.2,3.9,138,438,6.5,130,3.3,13,4.0,236,10.1,48,297,18,380,31
SUBJ007,144,0.54,137,196,99,163,1745,444,7991,29,1.83,27,121,0.3,30,17,17,27,0.8,173,102,16,75,0.28,15.7,5.5,40.3,2.2,36,8.5,31,33,88,9,70,138,375,14.8,4.91,1.2,4.1,0.12,0.29,10.0,102,1.26,2.3,70,114,145,2.8,4.1,139,352,6.8,172,5.9,13,5.9,211,7.4,45,351,11,218,27
SUBJ008,85,1.35,115,104,58,442,2688,516,2170,46,1.35,47,110,0.6,24,9,10,0,4.8,61,113,52,85,0.33,13.4,4.7,42.0,3.1,36,8.3,29,34,92,6,62,112,202,12.9,3.31,1.22,3.4,0.3,0.46,9.1,102,0.79,2.0,39,91,70,3.5,4.4,142,380,7.1,183,4.0,13,6.0,203,9.1,38,178,13,425,44
SUBJ009,65,1.55,64,156,1,318,1276,494,3005,29,1.93,33,100,1.7,26,10,10,14,5.2,30,85,47,93,0.29,13.7,7.8,42.4,3.6,22,9.5,33,33,86,2,59,140,373,11.9,4.59,1.32,4.2,0.17,0.29,10.0,102,1.17,2.8,45,134,141,3.4,4.3,138,445,7.0,156,6.5,31,4.5,178,5.5,45,254,18,672,26
SUBJ010,44,0.8,145,127,156,76,1060,839,7960,21,1.4,32,91,0.2,31,18,17,27,0.9,313,63,46,117,0.23,13.7,6.8,54.4,2.0,49,10.6,28,35,84,5,77,156,303,13.3,4.16,0.82,3.9,0.25,0.3,8.9,100,0.64,3.4,58,160,117,4.3,4.1,143,290,6.6,98,6.3,21,5.8,171,6.8,24,201,13,294,59
SUBJ011,123,0.79,88,177,195,173,2913,481,5075,42,1.94,31,73,2.0,47,16,13,20,5.1,117,60,67,108,0.53,13.2,7.1,40.3,3.8,38,7.7,30,32,89,4,43,152,197,11.9,4.17,1.18,3.7,0.19,0.4,9.0,100,0.98,1.8,65,64,119,4.4,4.6,141,414,7.6,122,6.8,12,4.6,214,9.6,46,264,12,496,59
SUBJ012,91,1.14,119,168,64,386,3099,216,6314,37,1.8,11,82,1.1,44,8,14,9,5.9,294,66,42,99,0.3,13.7,5.6,49.9,2.9,20,9.8,27,34,89,9,54,111,296,12.2,4.44,0.84,3.2,0.32,1.2,10.2,99,0.65,1.6,47,118,82,3.3,3.2,144,300,6.9,99,6.5,20,3.9,178,6.7,49,323,10,792,33
SUBJ013,144,0.8,50,158,82,457,3200,270,6667,17,1.23,40,114,2.0,25,10,17,6,4.4,391,89,68,114,0.39,17.9,7.5,50.2,2.2,31,8.0,31,32,85,7,63,112,213,15.0,4.69,1.29,4.0,0.38,0.2,9.5,107,1.25,2.4,50,154,84,3.5,4.3,141,264,7.1,130,6.7,22,3.8,197,9.2,38,311,16,374,11
SUBJ014,114,0.97,72,132,153,357,2772,468,3455,10,1.84,20,111,1.9,17,14,14,1,4.7,249,109,20,82,0.22,11.9,5.4,45.8,2.6,26,7.6,27,35,98,6,64,173,331,13.4,4.59,0.84,4.2,0.38,0.84,9.4,103,1.14,2.5,58,113,122,4.3,4.3,142,257,6.7,144,6.4,37,5.8,154,7.8,40,250,15,421,22
SUBJ015,93,2.86,88,161,9,320,2334,524,6755,46,0.93,37,118,0.9,26,22,19,9,6.0,388,68,77,74,0.48,12.4,4.5,40.8,2.3,23,7.7,30,34,87,3,40,196,274,12.5,4.17,1.44,3.1,0.28,0.34,9.6,98,1.06,2.6,47,90,113,4.1,3.4,140,287,7.9,61,5.8,5,3.5,184,4.9,49,233,19,814,24
SUBJ016,72,0.88,106,149,52,375,2837,993,1749,31,1.91,41,89,0.4,26,19,13,23,3.6,239,94,77,94,0.33,16.8,5.8,35.2,3.3,29,10.8,32,34,80,3,46,156,328,15.0,5.06,1.29,4.0,0.24,1.12,8.9,104,1.18,2.3,58,120,77,2.5,3.2,142,363,6.8,72,3.7,16,4.7,223,7.0,22,210,13,253,14
SUBJ017,89,0.84,130,118,78,90,3591,504,7957,15,1.56,14,123,0.3,35,12,15,3,1.8,84,67,31,89,0.5,13.3,6.5,44.4,3.5,32,8.0,27,33,96,2,70,139,188,14.9,4.25,1.16,4.1,0.35,0.29,9.3,109,1.05,2.4,60,105,143,3.1,3.6,137,332,7.0,103,4.1,10,4.7,232,9.0,46,274,15,894,12
SUBJ018,77,0.72,83,185,58,237,1566,650,3392,30,0.87,47,105,0.5,22,13,14,11,5.0,374,83,75,123,0.36,13.1,6.2,47.1,3.6,21,7.7,30,32,86,4,51,179,409,13.0,4.33,1.11,3.7,0.3,1.16,9.5,106,1.28,2.7,36,74,115,3.3,3.7,144,305,7.6,167,3.9,9,5.2,220,8.3,45,349,15,602,46
SUBJ019,66,1.45,90,168,149,263,2571,206,4939,41,1.57,19,70,1.4,26,9,16,18,3.7,251,78,53,87,0.28,16.1,7.5,50.7,4.0,29,9.3,33,35,93,5,44,144,152,12.4,4.84,0.89,4.2,0.16,0.81,10.1,106,1.1,3.0,50,154,138,3.0,4.4,144,424,7.2,108,5.4,20,4.5,195,6.9,30,220,13,517,46
SUBJ020,137,0.91,142,165,178,178,1621,513,3353,44,1.97,49,84,0.5,47,14,19,25,3.5,347,95,15,116,0.41,11.2,4.9,37.3,3.5,40,10.9,27,35,96,3,77,134,213,14.4,4.86,1.0,3.9,0.35,0.2,8.7,106,1.25,1.5,72,168,88,2.9,3.7,135,352,7.2,52,5.0,22,3.8,184,3.2,26,219,15,548,46
SUBJ021,54,0.72,122,193,47,493,3025,302,4354,24,0.88,33,86,0.7,26,24,16,10,1.5,71,109,51,87,0.25,15.6,6.4,40.8,3.0,41,8.5,31,34,88,2,51,102,178,14.0,4.39,1.41,4.1,0.23,1.09,10.4,101,0.96,2.3,35,58,107,2.6,3.6,140,387,5.8,107,6.5,22,3.5,194,3.4,48,288,19,642,12
SUBJ022,135,1.94,62,146,148,489,2200,392,3003,14,1.47,44,93,0.9,23,10,13,7,4.5,393,111,34,71,0.38,14.1,6.3,37.3,2.3,44,9.2,28,33,96,7,78,104,160,13.9,3.23,1.43,4.3,0.16,0.72,9.4,95,0.68,2.6,45,109,80,3.8,3.7,135,351,7.4,106,6.8,5,4.9,162,3.8,36,257,17,779,44
SUBJ023,100,2.03,119,138,122,208,1313,952,4885,55,1.7,32,127,1.8,15,20,14,17,0.5,395,118,66,79,0.33,14.9,5.5,38.8,2.9,23,7.7,27,34,84,9,57,189,246,14.6,4.26,0.8,4.3,0.18,0.46,8.9,109,0.97,2.0,69,174,112,3.0,4.6,143,327,7.0,194,4.6,23,5.2,159,6.0,44,359,12,739,32
SUBJ024,60,0.74,55,167,21,72,3854,773,5071,59,1.77,26,92,0.4,44,7,12,10,5.5,282,102,64,124,0.56,14.9,7.4,45.3,1.6,37,9.3,31,34,99,4,41,110,352,13.9,4.78,1.22,4.5,0.18,0.97,8.9,103,0.69,3.4,77,98,89,2.6,4.0,136,426,7.3,139,5.0,12,4.7,215,6.2,28,370,13,481,37
SUBJ025,85,0.39,133,132,99,389,3895,728,5292,57,1.3,10,115,0.0,23,14,13,10,2.0,286,86,25,114,0.22,12.7,7.1,38.6,3.4,24,9.8,29,34,87,4,49,170,170,12.5,5.04,1.3,4.2,0.26,1.13,9.6,101,1.01,2.2,63,100,89,3.0,3.9,136,418,7.1,104,6.9,7,5.2,219,4.0,40,366,19,559,39
SUBJ026,108,1.65,101,112,97,106,3144,370,4926,15,1.04,40,77,0.1,17,15,13,12,0.8,378,91,23,119,0.48,16.1,7.1,37.9,2.6,38,9.8,30,34,85,8,54,155,188,13.9,4.66,1.23,3.8,0.17,0.68,8.8,104,0.94,2.5,71,119,90,4.1,3.9,141,332,6.7,94,4.1,29,3.4,221,9.0,28,340,10,830,27
SUBJ027,45,0.71,52,183,157,344,3928,736,6830,34,0.85,40,128,1.8,24,15,12,2,2.7,336,73,48,116,0.27,12.9,7.6,46.0,1.6,21,8.8,26,35,90,2,69,109,372,12.6,4.46,0.86,3.7,0.14,0.52,9.2,106,1.04,2.8,51,86,151,4.2,4.6,136,279,7.5,50,6.2,9,5.6,249,4.5,29,170,13,845,45
SUBJ028,77,1.48,130,153,24,294,2236,450,1543,55,1.5,43,128,1.3,36,21,19,11,0.3,343,116,37,81,0.33,14.8,7.0,44.3,1.7,31,8.8,32,35,98,2,56,133,251,14.2,5.85,0.95,3.5,0.14,0.99,9.4,103,0.61,2.2,73,80,126,3.5,3.6,144,254,7.1,70,3.9,23,4.7,174,4.3,32,280,19,840,42
SUBJ029,101,0.37,112,106,27,368,3876,964,5112,49,1.34,18,82,0.5,22,8,14,2,4.1,173,77,60,116,0.37,16.5,5.3,43.8,2.5,36,7.9,33,34,83,8,43,166,195,13.7,4.51,0.98,4.1,0.27,0.88,10.1,101,0.74,1.6,76,111,119,3.3,4.7,142,368,6.2,70,5.7,22,3.4,193,7.2,34,231,19,207,35
SUBJ030,125,1.56,98,178,192,443,1136,586,4118,38,1.94,31,108,0.4,40,8,14,9,5.4,377,87,58,82,0.56,16.8,7.0,38.7,3.0,29,9.0,26,34,97,9,46,171,215,11.8,5.01,1.38,4.7,0.32,1.09,10.0,96,0.94,2.3,62,142,143,4.5,4.1,140,448,7.8,101,4.0,35,4.4,209,8.9,41,237,18,762,57
SUBJ031,101,0.55,125,186,112,283,2029,406,6178,16,0.87,22,97,0.6,44,21,16,26,5.0,385,119,18,119,0.3,13.5,5.6,48.5,2.7,21,7.9,33,33,80,5,70,130,240,13.3,4.03,1.12,3.8,0.2,0.89,9.2,109,1.27,3.0,63,63,167,2.9,3.9,141,280,6.1,131,6.5,37,5.5,196,11.1,24,260,17,690,49
SUBJ032,121,1.44,96,113,44,352,3156,740,4663,49,1.62,34,130,0.2,15,13,13,16,0.8,159,88,67,116,0.24,14.9,5.3,42.1,3.0,25,10.6,30,34,92,2,78,174,313,12.7,4.15,1.14,4.2,0.11,0.44,9.4,100,0.87,2.3,77,128,95,2.9,5.3,141,429,7.5,116,5.2,22,5.7,189,8.2,48,159,13,540,26
SUBJ033,117,1.01,104,186,67,181,3594,828,2788,22,0.83,27,85,1.9,14,23,13,21,0.8,70,75,54,124,0.33,13.3,4.8,53.9,2.7,27,11.4,33,35,93,8,73,170,260,12.6,5.02,1.45,3.6,0.14,1.13,8.7,104,0.9,2.1,37,57,99,3.1,3.5,140,272,7.9,162,3.7,20,3.8,156,10.2,22,304,16,671,49
SUBJ034,113,0.62,113,118,6,36,1661,615,4442,47,1.01,21,71,1.6,31,9,18,1,4.9,136,94,31,80,0.24,19.0,7.1,42.8,3.2,48,11.4,28,32,80,5,45,165,272,13.6,5.22,1.25,4.1,0.37,0.3,8.5,106,1.1,3.0,44,85,142,2.8,3.8,144,297,6.3,93,3.9,20,5.1,195,4.6,46,161,19,886,16
SUBJ035,85,0.82,114,153,48,136,3472,993,1719,27,1.34,49,86,0.9,32,10,15,16,5.5,65,106,41,88,0.25,15.6,7.0,30.3,2.0,38,11.0,27,35,90,9,77,169,342,12.6,4.51,1.43,4.6,0.25,0.47,8.9,105,1.02,2.3,76,97,179,3.3,3.4,143,358,6.9,59,5.0,11,3.3,172,11.3,46,156,12,894,17
SUBJ036,52,1.41,130,192,136,337,3677,579,3425,11,1.35,26,99,1.7,34,7,13,15,2.8,328,118,78,104,0.43,14.2,5.3,30.1,1.8,30,9.9,28,33,96,5,73,140,248,14.2,3.78,1.12,4.3,0.24,0.72,10.1,98,0.81,2.2,48,134,100,4.3,4.5,143,289,6.9,113,6.8,18,3.1,232,3.3,27,294,18,448,40
SUBJ037,134,1.05,116,119,163,55,3308,343,4472,17,1.62,24,82,0.5,43,5,11,1,3.0,107,118,78,108,0.22,14.6,7.1,45.1,3.0,44,10.3,26,35,83,6,54,162,440,11.7,4.62,0.9,3.2,0.11,0.77,9.9,97,0.89,2.6,46,77,111,3.7,4.8,141,255,6.9,118,6.1,29,4.7,195,6.0,39,342,19,434,21
SUBJ038,133,1.34,139,128,82,186,1086,224,5013,20,1.89,24,82,1.4,35,24,15,27,1.9,227,90,51,122,0.21,14.8,7.7,48.5,2.7,31,8.6,32,32,91,4,53,131,308,13.8,4.79,1.45,4.3,0.32,0.22,9.7,96,0.75,2.9,76,100,137,3.3,4.8,143,287,8.1,117,5.0,36,5.1,235,8.1,29,341,13,282,57
SUBJ039,42,2.69,64,123,128,340,3512,867,3948,42,1.57,24,112,1.7,14,20,11,21,5.4,396,63,62,95,0.49,14.9,4.9,38.1,1.6,28,10.0,31,34,89,7,45,119,252,14.3,4.75,1.12,4.3,0.26,0.98,8.8,100,1.28,3.7,64,153,130,4.4,4.6,144,418,6.3,77,4.4,26,5.4,162,3.8,32,263,11,292,40
SUBJ040,133,0.46,149,181,137,257,3123,272,4971,47,1.94,48,90,0.7,35,15,14,29,3.9,288,96,68,115,0.34,13.5,5.3,52.5,2.5,21,9.3,32,32,85,4,76,156,430,13.9,4.42,0.93,4.1,0.16,0.56,9.1,102,0.69,2.9,66,150,130,2.6,3.9,137,349,6.8,165,5.2,20,4.0,170,5.1,48,175,19,593,53
SUBJ041,45,2.24,81,162,163,444,3518,831,4274,57,1.86,22,124,1.5,29,17,15,19,1.7,108,76,48,83,0.25,13.2,7.1,50.3,1.8,27,9.4,30,34,80,4,71,197,192,13.2,4.62,1.01,4.3,0.13,0.61,9.1,100,0.86,3.1,66,78,139,2.9,3.8,137,276,7.9,100,6.0,33,3.0,150,4.8,22,164,14,467,28
SUBJ042,132,1.05,145,173,72,57,3461,292,2490,36,1.5,26,109,0.6,15,14,13,5,1.8,137,98,24,123,0.3,13.7,5.5,43.1,2.8,45,10.5,30,34,86,6,42,149,233,14.8,4.33,0.84,3.6,0.22,1.01,9.4,103,0.62,2.2,76,176,147,3.6,3.2,135,318,6.8,53,6.1,20,4.4,168,6.4,48,182,11,616,19
SUBJ043,47,0.64,117,156,45,362,3872,704,4446,29,1.8,41,84,0.6,15,7,12,27,5.3,73,107,38,114,0.46,11.7,6.7,44.7,2.5,30,8.6,28,35,95,5,42,179,340,12.5,4.14,1.13,4.0,0.35,0.58,9.4,108,0.76,2.0,66,131,137,3.7,5.0,139,306,6.4,128,4.3,16,3.0,209,9.8,41,211,19,831,48
SUBJ044,83,0.51,67,107,105,122,3942,797,3312,21,1.57,18,121,0.2,27,13,16,24,0.1,135,105,12,113,0.31,15.4,4.8,46.5,3.0,47,8.8,31,35,93,5,61,124,200,11.6,5.08,1.4,4.6,0.36,0.25,9.0,99,1.15,2.5,60,59,159,2.6,4.2,138,266,7.2,66,5.9,21,3.3,182,7.0,27,196,15,782,21
SUBJ045,148,0.91,132,189,159,187,3773,535,6453,52,0.89,49,122,0.9,13,16,11,28,1.9,137,85,19,93,0.4,12.4,6.1,51.4,3.5,40,11.2,28,35,99,2,61,111,359,13.0,4.75,1.45,4.5,0.28,0.38,9.7,96,0.74,2.6,35,155,172,3.3,3.8,136,320,7.5,157,5.6,31,4.0,153,6.1,48,244,19,728,29
SUBJ046,146,1.59,92,161,31,229,3504,624,2303,40,1.69,29,121,1.5,26,18,15,9,3.3,279,107,38,110,0.25,11.9,7.1,45.4,2.2,23,7.7,27,33,99,6,49,170,275,11.6,4.62,1.45,4.3,0.32,1.16,9.6,102,0.66,2.0,76,50,86,3.8,4.7,143,296,6.8,123,6.8,29,4.3,152,1.2,28,184,10,452,46
SUBJ047,147,0.94,84,128,5,167,2308,698,1989,36,0.91,35,99,1.9,23,5,13,27,0.9,94,98,44,70,0.44,14.0,6.9,42.9,3.9,29,9.4,29,35,85,2,42,138,218,14.8,4.45,0.89,3.6,0.13,0.27,9.1,103,0.93,2.4,36,88,88,3.9,3.5,137,328,7.3,72,6.7,17,3.8,240,7.9,49,342,15,321,57
SUBJ048,72,2.13,127,173,175,419,2700,563,5056,41,1.51,36,102,1.2,23,22,15,9,0.6,324,100,15,120,0.33,13.7,7.4,45.4,2.8,40,11.2,31,33,84,6,51,116,414,12.2,4.61,1.07,3.5,0.28,0.55,9.7,108,0.61,2.7,51,70,120,3.8,4.2,142,359,6.2,67,6.2,12,4.7,201,8.6,41,349,13,209,50
SUBJ049,120,0.48,107,116,165,113,3700,829,7376,19,1.64,30,126,1.7,22,21,13,7,4.9,26,63,21,112,0.45,14.5,7.6,44.7,3.0,39,9.9,29,35,97,2,68,144,407,14.3,4.78,0.82,4.1,0.3,0.7,10.1,104,0.66,2.7,64,114,139,3.1,3.9,140,262,6.2,178,5.9,9,3.2,248,3.6,40,225,12,515,16
SUBJ050,114,0.99,82,165,144,251,3719,944,2993,12,0.88,27,121,1.6,16,13,13,0,5.4,385,89,47,124,0.52,12.9,7.2,46.6,3.2,35,9.7,32,34,94,3,56,110,337,14.2,5.56,1.4,4.1,0.16,0.69,10.2,98,1.17,2.8,73,64,132,2.7,4.3,139,388,6.7,84,4.1,16,3.4,177,6.9,31,272,11,472,23
SUBJ051,116,0.53,63,105,73,106,1494,398,5145,54,1.08,22,78,0.3,24,13,13,12,4.9,141,89,28,91,0.44,13.2,6.9,34.1,3.2,27,8.5,27,33,85,8,46,169,379,12.3,5.03,1.05,3.9,0.36,0.2,9.7,100,1.14,2.6,41,110,162,3.4,4.0,135,373,7.4,113,6.4,7,5.1,219,7.4,30,232,16,505,20
SUBJ052,89,1.2,83,157,113,36,2647,917,4391,36,1.9,25,123,1.0,28,14,18,23,5.4,30,81,76,92,0.32,15.4,4.6,43.6,2.8,23,8.9,33,32,98,4,52,122,338,13.7,4.37,1.24,3.6,0.16,0.7,9.7,109,1.24,2.2,61,136,144,2.8,3.3,138,358,7.5,108,4.7,39,3.4,219,8.9,21,174,18,409,16
SUBJ053,50,1.56,110,168,26,334,2942,612,3205,44,1.54,18,70,0.2,44,23,16,8,3.3,367,70,17,125,0.3,15.3,6.4,44.3,2.6,48,10.9,33,33,80,4,41,190,159,11.7,4.37,1.3,4.2,0.19,0.58,9.4,105,1.2,2.2,43,154,149,4.4,4.0,137,339,6.3,50,4.1,37,4.9,204,5.6,37,206,12,663,38
SUBJ054,134,0.81,53,127,53,91,2068,538,5016,40,1.1,21,113,1.4,26,19,12,21,4.9,234,61,17,123,0.33,15.2,4.6,41.6,1.6,29,9.7,29,33,80,9,43,169,263,13.2,4.29,1.1,4.1,0.29,1.17,10.0,104,1.08,1.9,56,83,99,3.5,4.5,135,335,7.4,180,4.5,26,3.2,206,5.2,28,181,15,615,19
SUBJ055,67,0.27,137,161,177,17,2424,858,4840,24,1.63,47,78,1.9,44,9,12,9,2.3,298,103,56,88,0.27,14.1,7.3,45.9,1.6,31,9.6,26,32,92,7,49,137,225,11.6,4.6,1.01,4.1,0.29,0.36,9.0,102,0.64,3.4,68,173,94,3.1,4.0,139,341,7.1,116,6.3,13,4.2,236,6.1,21,212,18,415,38
SUBJ056,147,1.1,108,140,162,353,1596,628,7910,25,1.52,28,101,0.3,28,19,15,14,4.0,47,71,13,87,0.27,14.3,5.6,51.6,2.4,48,7.9,32,33,82,8,78,101,313,14.7,4.29,1.47,4.3,0.31,0.55,10.0,103,1.15,2.5,35,159,173,4.0,4.4,140,273,6.5,86,3.6,22,3.5,246,9.6,21,161,11,279,18
SUBJ057,109,1.24,78,168,84,62,1449,982,1553,22,1.4,16,84,1.5,29,24,15,4,5.9,254,89,60,81,0.52,14.5,6.5,42.7,2.3,33,7.6,29,34,89,5,63,185,234,14.9,4.94,1.48,3.9,0.13,0.62,9.4,106,1.19,2.4,43,82,144,3.5,3.5,136,322,6.2,78,4.8,33,3.3,165,9.1,22,212,16,679,45
SUBJ058,80,1.22,132,181,126,149,1484,338,4075,58,1.97,44,81,1.3,45,6,13,21,1.4,386,95,76,124,0.35,12.7,5.5,45.5,2.5,35,11.4,27,35,82,7,56,183,198,12.3,3.38,1.0,3.8,0.35,0.59,10.2,99,1.16,2.0,54,147,140,3.1,4.0,137,253,7.1,138,5.0,31,4.7,173,7.0,35,226,14,746,57
SUBJ059,55,1.86,55,189,152,138,1645,892,5091,44,1.62,27,126,1.2,44,17,18,15,2.3,332,77,54,97,0.37,16.9,7.2,50.0,1.8,41,9.0,29,32,88,3,45,188,326,12.2,4.97,1.14,4.6,0.26,0.87,9.8,106,0.96,4.0,53,110,95,4.1,3.7,140,362,7.8,149,3.1,21,5.8,218,9.0,38,241,14,217,19
SUBJ060,107,0.59,146,183,155,185,3667,741,2115,20,1.25,25,77,0.8,41,20,13,12,2.9,45,85,17,97,0.44,16.7,7.6,42.8,3.3,37,9.9,30,35,87,9,58,178,367,14.1,4.84,1.48,3.6,0.24,0.42,9.5,100,0.76,2.0,70,59,125,4.2,4.4,138,295,7.0,171,3.8,38,3.2,190,2.3,23,150,16,364,28
SUBJ061,138,1.41,98,140,110,184,2629,256,6678,30,1.76,48,96,0.7,49,19,18,21,0.8,73,112,25,102,0.44,15.6,5.9,37.6,3.6,40,7.8,28,34,82,7,44,192,338,12.4,5.33,0.8,3.8,0.39,0.42,9.4,105,1.19,2.3,74,133,91,3.8,4.0,143,267,6.4,139,6.3,7,4.3,226,8.6,42,328,18,724,40
SUBJ062,87,1.82,89,148,14,204,1661,431,7444,20,1.86,13,131,0.1,33,14,13,24,0.5,48,66,76,88,0.23,13.1,7.5,45.1,3.8,41,10.2,26,32,92,9,71,171,379,14.6,5.14,1.09,4.6,0.32,0.93,9.8,98,1.11,2.7,79,114,158,2.6,4.3,139,292,5.9,181,6.3,9,5.1,196,4.8,44,219,13,401,26
SUBJ063,95,0.41,132,190,131,259,1757,857,2454,39,0.95,34,81,0.4,26,18,11,19,5.0,372,60,18,97,0.53,15.1,5.4,31.0,2.7,40,11.2,30,35,85,4,49,136,404,13.5,4.36,0.87,3.7,0.14,0.7,9.7,99,1.29,2.8,38,126,88,3.6,4.5,138,410,7.9,63,4.2,18,4.4,225,10.5,37,285,18,545,18
SUBJ064,103,1.17,114,148,92,213,1288,634,3933,57,1.04,41,134,0.0,16,14,11,17,5.9,183,117,69,121,0.27,16.0,6.4,30.5,3.3,31,9.8,30,35,92,5,48,148,385,12.7,5.08,1.16,4.0,0.33,0.62,9.3,101,0.71,3.0,43,50,100,4.0,4.3,136,342,7.6,199,6.5,7,5.4,218,4.9,39,345,19,565,54
SUBJ065,98,0.78,118,175,122,255,1720,583,3129,44,1.06,49,111,1.2,10,18,14,10,2.4,289,85,24,118,0.49,11.6,7.5,43.7,3.6,37,8.0,27,34,99,3,66,151,175,14.4,4.62,0.82,3.8,0.13,0.37,9.5,103,0.76,3.4,75,129,95,2.8,4.1,140,352,7.2,180,6.1,27,3.5,180,5.3,44,282,18,647,42
SUBJ066,129,0.96,76,170,72,134,1637,759,4281,31,1.63,22,131,0.2,44,13,13,26,0.5,353,82,50,106,0.51,17.4,5.6,30.3,2.5,49,9.8,28,35,99,4,52,132,221,13.2,3.73,1.08,3.1,0.11,0.39,9.9,104,0.75,2.8,56,64,111,3.0,3.5,144,373,7.9,134,4.7,34,5.9,241,8.1,49,366,13,712,43
SUBJ067,101,1.19,129,102,154,60,3282,393,2149,47,1.52,26,80,1.7,41,18,16,8,0.4,54,85,31,95,0.49,10.5,7.8,35.4,2.3,26,10.6,28,34,91,8,58,121,410,14.7,4.78,0.95,3.9,0.22,0.21,8.8,105,1.15,2.0,52,77,110,4.3,4.0,136,259,7.1,70,6.0,27,4.2,241,8.3,37,235,12,518,54
SUBJ068,115,0.78,55,109,153,362,3463,935,3847,40,1.54,46,112,1.0,45,7,14,15,5.3,305,104,33,104,0.43,15.4,4.9,40.1,3.8,39,9.1,31,33,92,2,60,104,403,14.7,4.39,1.17,3.5,0.4,0.29,9.9,107,0.73,2.4,46,72,169,2.5,3.7,141,322,6.7,75,6.8,31,4.0,179,6.1,29,369,11,416,33
SUBJ069,50,0.71,62,197,146,309,3985,847,5990,23,1.93,15,86,1.4,22,24,15,1,2.8,367,65,53,103,0.21,16.9,4.6,38.4,2.8,43,11.0,32,34,81,6,63,117,420,12.1,4.7,1.5,4.1,0.15,0.76,9.8,100,0.65,2.7,76,158,92,4.0,3.8,137,436,7.3,90,4.8,14,5.6,167,7.7,30,188,18,233,18
SUBJ070,140,1.02,113,188,91,87,1498,733,4778,33,1.73,28,101,0.8,15,20,19,25,1.9,292,65,10,104,0.34,13.8,7.7,41.3,2.7,42,10.1,26,33,95,3,77,137,272,11.5,5.53,1.36,4.6,0.3,1.09,10.1,108,1.3,3.5,77,156,116,3.4,3.8,143,280,6.5,171,4.0,29,4.7,193,8.0,48,172,11,465,16
SUBJ071,128,0.58,111,134,16,323,1633,717,6955,59,0.95,22,109,1.1,23,6,13,24,2.9,227,103,19,109,0.44,13.7,4.7,47.6,1.9,26,11.1,32,32,85,5,43,136,293,14.9,4.81,1.39,2.9,0.15,0.49,9.1,100,0.62,1.8,73,162,82,3.4,3.5,139,405,6.4,87,6.8,17,4.5,176,7.8,36,217,15,839,25
SUBJ072,57,0.58,148,179,42,475,2673,915,4140,58,1.22,35,92,1.9,46,14,11,1,1.9,257,67,65,85,0.35,15.3,8.0,43.2,1.8,28,10.0,27,35,98,9,63,193,406,14.7,4.19,1.24,3.8,0.32,0.53,9.5,102,1.18,3.1,43,147,158,2.5,3.0,142,309,7.5,137,5.4,20,5.2,248,6.2,45,329,14,279,28
SUBJ073,58,1.4,68,101,120,206,3030,950,5301,41,1.32,23,125,0.2,24,7,19,11,2.9,112,83,59,107,0.55,17.7,7.8,37.8,3.6,20,8.0,26,34,92,7,74,194,293,11.7,5.18,0.83,4.2,0.25,0.32,9.6,105,0.86,2.6,40,77,135,4.1,3.7,140,380,7.5,60,3.4,38,4.7,175,8.0,43,153,14,876,48
SUBJ074,126,0.56,125,123,40,128,1114,384,4061,45,1.28,40,75,0.5,13,15,18,7,5.2,192,81,21,82,0.32,13.4,5.0,48.8,3.0,45,8.7,31,34,96,8,42,163,408,14.4,4.88,0.94,2.9,0.3,0.59,9.9,98,1.19,2.9,53,91,135,3.2,4.1,144,367,6.2,78,5.3,26,3.5,209,9.8,44,275,13,612,15
SUBJ075,94,1.4,129,173,169,310,3979,491,4749,41,1.6,13,119,1.6,49,15,19,8,3.6,98,78,69,92,0.32,12.4,6.4,34.9,2.3,25,8.3,29,35,88,7,43,109,196,13.1,4.13,1.45,4.7,0.16,0.24,9.7,97,0.99,2.4,41,148,85,3.6,3.3,142,432,6.3,109,5.0,21,5.0,167,4.5,42,324,15,451,59
SUBJ076,141,1.26,92,137,177,2,1673,534,1870,24,1.87,48,106,0.2,25,17,16,11,4.2,129,96,35,123,0.31,13.2,5.1,43.1,2.0,25,11.1,30,35,96,3,76,178,162,12.4,3.9,1.06,4.2,0.32,1.12,8.9,108,1.23,2.1,50,110,142,3.9,4.0,137,263,6.7,110,6.4,27,3.4,246,5.3,43,170,14,211,20
SUBJ077,121,0.42,123,121,167,461,2736,931,2357,52,1.17,17,133,0.2,37,11,13,25,2.2,236,77,50,91,0.33,10.9,6.0,34.3,2.9,41,10.5,26,32,81,8,79,141,357,14.6,4.21,0.87,4.5,0.4,0.87,9.6,101,1.25,2.9,39,172,97,3.9,5.0,137,435,6.6,196,5.1,13,5.4,238,7.1,39,333,13,600,21
SUBJ078,65,0.71,138,125,38,421,2257,315,6386,44,1.46,34,123,0.7,25,21,12,8,4.4,377,90,45,85,0.42,15.8,4.7,43.3,3.0,48,10.2,32,32,98,5,74,147,384,12.2,5.12,1.29,3.7,0.3,1.19,10.5,99,0.61,2.8,50,113,146,4.4,4.5,139,392,7.3,71,4.0,6,6.0,205,4.9,35,254,18,481,51
SUBJ079,45,1.82,69,142,112,241,3253,248,6253,12,1.75,22,118,0.2,13,6,19,9,4.0,125,96,32,97,0.48,13.0,5.3,40.4,2.0,31,8.7,30,34,98,3,70,143,298,14.8,4.55,1.01,3.8,0.25,1.08,9.8,96,0.65,3.0,35,80,104,3.6,4.8,144,251,7.0,127,5.7,36,4.1,180,3.4,39,215,15,311,22
SUBJ080,43,0.61,144,154,150,120,3294,884,6988,25,1.3,41,80,1.2,35,16,12,24,0.7,66,89,52,117,0.47,13.6,5.8,47.4,3.6,41,8.2,27,32,86,5,64,181,304,12.2,4.74,0.99,3.9,0.38,0.67,10.3,96,0.78,2.5,71,130,110,3.3,4.2,137,273,7.7,162,5.2,26,4.3,208,9.2,32,336,19,577,21
SUBJ081,147,0.79,117,138,110,384,3805,281,1883,14,1.0,47,118,0.5,37,14,18,1,3.4,200,116,15,104,0.52,15.8,6.0,45.6,1.7,31,10.5,32,33,89,7,79,186,315,13.6,4.03,1.5,5.1,0.1,0.72,10.0,105,1.07,2.2,73,59,146,4.4,4.6,142,313,7.2,172,3.9,17,3.1,151,2.5,21,156,19,467,30
SUBJ082,68,1.26,93,190,179,101,1146,532,7705,30,1.37,47,90,1.8,41,22,14,15,1.5,83,101,78,114,0.55,13.2,7.9,39.1,2.4,29,9.4,29,32,89,4,52,196,239,12.3,5.13,1.4,4.7,0.32,0.39,10.2,100,1.22,1.7,53,57,100,3.8,3.6,144,448,6.6,191,5.3,12,3.0,246,6.2,43,198,19,497,19
SUBJ083,98,1.48,72,128,46,37,3165,756,5377,19,0.87,37,135,1.6,11,15,12,19,4.8,265,92,52,115,0.53,15.5,7.3,38.1,3.2,42,8.4,27,32,99,8,43,115,335,13.4,3.69,1.09,4.1,0.37,0.66,9.7,102,0.92,2.9,71,108,154,3.1,3.7,142,349,5.9,93,6.3,5,5.8,188,8.5,46,165,12,516,29
SUBJ084,137,0.88,51,119,62,340,1411,534,4052,28,1.93,39,132,1.4,40,20,14,6,2.6,263,69,34,77,0.21,11.9,7.1,40.4,2.2,49,10.0,33,34,88,2,53,153,323,13.9,4.37,1.49,4.1,0.12,1.1,9.8,95,1.02,2.7,51,79,101,2.8,2.6,136,363,7.1,193,3.1,21,3.4,210,7.5,21,294,19,769,59
SUBJ085,56,0.74,71,190,109,495,2687,731,5834,34,0.89,12,97,1.2,12,21,11,27,6.0,339,96,27,113,0.49,15.9,6.4,51.4,3.6,45,7.7,29,33,96,4,52,134,366,12.2,4.91,1.26,4.3,0.24,0.25,9.6,109,0.73,2.0,60,69,123,4.2,4.6,138,273,6.0,146,5.5,16,4.3,212,6.2,44,233,15,708,45
SUBJ086,146,2.04,106,140,68,412,3410,420,5790,13,1.33,37,86,1.7,17,23,13,1,0.6,106,71,71,124,0.28,14.7,7.4,50.1,3.3,25,8.8,29,32,94,2,66,197,413,13.3,4.14,1.32,5.2,0.16,1.06,9.5,105,1.16,2.2,56,97,167,3.2,4.8,144,404,6.6,126,4.4,8,5.4,245,4.8,33,236,10,745,37
SUBJ087,82,2.39,121,153,42,132,2532,834,4225,38,1.44,12,75,0.4,33,22,19,0,4.7,236,113,22,124,0.25,13.8,5.7,37.2,3.5,36,9.4,30,33,81,7,45,127,246,13.1,5.01,0.82,4.2,0.27,0.54,9.9,100,1.28,2.3,42,179,141,3.8,3.7,135,414,6.6,189,4.2,17,5.7,167,7.7,23,247,14,564,33
SUBJ088,119,1.63,56,119,175,496,1136,945,5534,28,1.98,43,88,1.7,24,7,11,18,4.0,26,89,52,91,0.46,14.3,7.0,46.0,1.8,38,8.1,27,33,83,9,56,101,266,11.7,4.27,0.89,4.0,0.29,1.1,9.2,106,0.79,1.8,67,86,128,3.4,3.9,138,340,6.7,104,4.6,35,4.6,166,5.0,36,224,19,746,14
SUBJ089,105,1.04,127,118,33,201,1018,932,4793,52,1.0,25,125,1.6,40,20,11,27,4.6,297,86,37,90,0.33,11.4,8.0,33.3,1.9,37,11.4,27,33,98,8,75,193,348,14.4,4.09,1.24,3.8,0.19,1.14,10.4,96,0.95,2.1,36,178,110,2.9,3.6,138,416,6.2,100,4.4,11,4.7,247,7.5,32,183,15,470,46
SUBJ090,73,0.67,105,183,39,347,3242,522,7704,11,0.94,31,97,1.5,18,10,17,3,1.8,356,98,27,95,0.22,14.2,5.6,39.8,2.2,25,8.3,26,35,96,4,79,112,170,12.7,5.34,1.43,4.1,0.24,0.87,9.0,96,0.66,1.9,64,149,135,3.7,4.2,144,440,6.6,151,6.3,27,5.0,188,7.3,23,310,17,673,21
SUBJ091,47,0.66,116,198,60,20,3377,202,6748,19,0.81,41,135,1.1,48,16,10,23,3.0,229,68,68,109,0.26,13.7,6.9,37.4,2.8,43,8.0,32,35,84,4,74,140,349,13.5,4.78,1.24,3.7,0.18,0.86,9.9,101,0.99,2.3,54,103,171,2.6,4.6,143,275,7.7,78,4.1,28,5.9,220,7.3,22,175,18,736,44
SUBJ092,52,1.3,65,165,177,241,2959,893,7611,52,0.99,47,107,0.5,11,15,16,21,4.8,188,113,69,90,0.2,11.5,7.5,47.3,3.4,38,8.3,33,35,86,3,56,179,397,13.3,4.96,0.89,4.2,0.21,0.65,10.2,104,0.95,2.1,52,171,165,3.3,3.1,137,314,7.7,118,5.9,9,4.8,203,5.7,31,215,12,433,49
SUBJ093,145,1.23,132,129,194,454,3222,405,5751,34,1.05,17,106,0.8,17,19,14,26,1.4,349,80,72,94,0.56,12.7,7.7,35.5,3.6,29,10.6,27,35,97,6,41,158,425,13.3,5.21,0.88,3.3,0.15,1.04,9.4,95,0.7,1.7,77,74,123,3.6,4.2,136,369,7.9,129,3.4,9,4.7,248,11.1,41,274,11,258,11
SUBJ094,47,2.02,100,152,61,450,2001,239,5488,29,1.56,17,137,1.6,16,19,17,1,1.4,157,71,66,110,0.21,13.7,7.0,44.1,3.3,43,9.2,26,34,86,7,52,168,413,11.9,3.39,1.39,3.9,0.37,1.16,8.9,100,0.91,3.5,44,58,109,3.4,3.9,143,253,7.0,80,6.8,21,3.0,243,7.7,42,212,13,450,59
SUBJ095,133,1.38,131,133,57,108,1448,258,2422,57,1.06,15,118,0.1,48,20,10,24,3.3,325,114,60,70,0.28,12.8,5.5,42.0,3.8,27,9.8,33,32,96,5,41,191,207,13.0,5.02,0.9,4.4,0.1,0.98,10.1,108,0.83,3.1,58,83,97,4.0,4.1,143,406,7.2,161,5.5,34,3.2,225,6.4,27,236,17,285,50
SUBJ096,135,0.47,129,121,160,302,2948,773,4415,28,0.82,23,112,1.6,25,14,16,13,3.1,249,88,65,75,0.37,9.2,5.6,41.1,3.3,40,7.6,28,35,86,7,67,152,180,13.1,4.32,1.16,4.2,0.36,0.82,9.6,101,0.97,2.1,38,92,106,4.2,4.2,135,250,7.7,95,5.8,13,4.7,184,7.5,21,190,17,589,54
SUBJ097,139,1.69,121,166,74,83,1945,843,4450,32,1.79,41,105,0.5,44,16,14,1,1.7,327,92,36,92,0.34,16.2,4.6,50.4,2.3,43,7.6,28,34,83,5,65,144,398,14.1,4.39,0.83,3.8,0.27,0.81,9.9,108,1.01,2.6,71,123,174,4.0,3.9,140,299,6.1,146,4.2,10,5.8,160,5.5,25,363,12,379,48
SUBJ098,133,0.61,146,105,15,82,2377,706,7205,33,1.24,44,127,0.3,39,17,13,28,1.8,180,102,41,120,0.56,13.7,7.2,50.8,2.2,25,9.3,33,32,87,8,61,119,242,14.4,4.92,0.86,3.9,0.2,1.05,9.4,102,0.61,2.7,38,143,134,2.6,3.9,144,359,7.5,101,4.6,29,5.6,210,6.2,41,335,13,348,51
SUBJ099,104,0.83,61,178,81,290,2522,771,4546,20,1.22,19,82,0.2,19,8,16,14,1.7,20,112,18,92,0.22,9.5,4.6,41.3,3.2,40,10.8,28,35,92,5,42,123,414,13.4,4.52,1.27,4.5,0.32,0.74,10.4,101,1.13,3.1,47,71,174,2.9,3.9,142,388,7.8,187,3.9,23,5.9,193,11.8,29,247,12,782,18
SUBJ100,82,1.13,102,126,93,451,1140,321,2474,55,1.16,12,121,0.1,47,11,19,11,4.6,255,74,77,112,0.4,18.3,7.5,40.3,2.0,44,11.0,31,32,83,9,74,160,420,11.8,5.0,1.28,3.4,0.25,1.0,8.4,100,1.1,2.1,59,119,143,3.6,4.5,137,323,6.5,123,6.7,20,4.6,217,5.5,31,273,19,320,31
